strategy,latency_ms,fill_probability,ttf_ms_median,ttf_ms_mean,maker_qty_fraction,deadline_qty_fraction,timeout_qty_fraction,implementation_shortfall_bps,fees_bps,net_pnl_bps,net_pnl_usd_per_parent,inventory_dev,inventory_max,markout1_ticks,adverse_selection1_ticks,markout5_ticks,adverse_selection5_ticks,markout20_ticks,adverse_selection20_ticks,signal_mix,model_directional_accuracy,model_balanced_accuracy
adaptive_signal,0,0.05274725274725275,477.0,897.4583333333334,0.022509699999999997,0.016999999999999998,0.1954903,-0.008965839800431016,1.0,0.008965839800431016,-4.156835755076095,0.35502107412935324,0.7533993000000001,-0.46446961881112103,0.46446961881112103,-0.3280123583077459,0.3280123583077459,0.20030895991536934,-0.20030895991536934,0.0,0.5218431825338512,0.538798918158076
adaptive_signal,10,0.07130730050933787,735.0,1488.5,0.0355962,0.06799999999999999,0.1264903,-0.007328390236190299,1.0,0.007328390236190299,-4.163703688220529,0.36795909253731346,0.7828499999999999,-0.4214830970085803,0.4214830970085803,-0.3424209377994622,0.3424209377994622,0.08451472201388159,-0.08451472201388159,0.0,0.5218431825338512,0.538798918158076
adaptive_signal,50,0.051932367149758456,750.0,1286.8837209302326,0.0414382,0.077,0.10340379999999999,-0.004137602581084216,1.0,0.004137602581084216,-4.177086982731659,0.3687364432835821,0.7857749999999999,-0.44184782609986345,0.44184782609986345,-0.43967391300216346,0.43967391300216346,-0.44565217382193584,0.44565217382193584,0.0,0.5218431825338512,0.538798918158076
adaptive_signal,100,0.04463208685162847,1030.0,2129.027027027027,0.0370865,0.08100000000000002,0.0719135,-0.001230930060951464,1.0,0.001230930060951464,-4.189278543894751,0.3783753681592039,0.805725,-0.5137362636918085,0.5137362636918085,-0.6538461537418918,0.6538461537418918,-1.0752747252671135,1.0752747252671135,0.0,0.5218431825338512,0.538798918158076
adaptive_signal,0,0.07568807339449542,423.0,896.060606060606,0.0302123,0.021999999999999992,0.18510919999999997,-0.010016104755777522,1.0,0.010016104755777522,-4.152430366468306,0.3513955169154228,0.7439743000000001,-0.4514462808379182,0.4514462808379182,-0.3403925618840731,0.3403925618840731,0.23088842985735705,-0.23088842985735705,0.2,0.5448514747559567,0.5361952827034426
adaptive_signal,10,0.08507223113964688,534.0,1230.2641509433963,0.046212300000000005,0.0896189,0.10278330000000001,-0.007681042032662278,1.0,0.007681042032662278,-4.162224273113963,0.36828623880597017,0.7858009,-0.3770856506420269,0.3770856506420269,-0.2575083425157425,0.2575083425157425,0.1929922137325666,-0.1929922137325666,0.2,0.5448514747559567,0.5361952827034426
adaptive_signal,50,0.05773420479302832,705.0,1297.9433962264152,0.050351700000000006,0.10223779999999999,0.07849030000000001,-0.0036700518273056803,1.0,0.0036700518273056803,-4.1790477580063445,0.3618916273631841,0.7701128,-0.4363938052976294,0.4363938052976294,-0.4546460176347904,0.4546460176347904,-0.48230088485118444,0.48230088485118444,0.2,0.5448514747559567,0.5361952827034426
adaptive_signal,100,0.05142231947483589,1021.0,1848.0212765957447,0.0457724,0.11233910000000001,0.045,-0.0013909420386461,-1.0,0.0013909420386461,-4.1886074058114255,0.37763390447761197,0.8036891,-0.4864864864315563,0.4864864864315563,-0.647522522404534,0.647522522404534,-1.1041666666757124,1.1041666666757124,0.2,0.5448514747559567,0.5361952827034426
adaptive_signal,0,0.07565011820330969,417.5,911.78125,0.027212300000000002,0.020999999999999998,0.1777588,-0.010261197943217554,1.0,0.010261197943217554,-4.151401965810553,0.35015541691542285,0.7409243,-0.45567010293658294,0.45567010293658294,-0.348969072032391,0.348969072032391,0.23762886610767833,-0.23762886610767833,0.35,0.5696861551380288,0.5302968661711243
adaptive_signal,10,0.07098765432098765,456.0,1203.2608695652175,0.038212300000000005,0.1026189,0.09192209999999999,-0.008155456686076836,1.0,0.008155456686076836,-4.1602341514700505,0.3655264905472637,0.7791009,-0.41179775270362634,0.41179775270362634,-0.2994382021107627,0.2994382021107627,0.1887640450722041,-0.1887640450722041,0.35,0.5696861551380288,0.5302968661711243
adaptive_signal,50,0.04757281553398058,628.0,1325.3877551020407,0.046351699999999996,0.1212378,0.0584903,-0.003381053605862076,1.0,0.003381053605862076,-4.180259341557223,0.3599685427860696,0.7683377999999998,-0.4533183351637721,0.4533183351637721,-0.473003374480161,0.473003374480161,-0.4685039369023931,0.4685039369023931,0.35,0.5696861551380288,0.5302968661711243
adaptive_signal,100,0.046313799621928164,1020.0,1705.8775510204082,0.047640400000000006,0.1234711,0.03,-0.00044404228101965553,1.0,0.00044404228101965553,-4.192578609278487,0.3689889300348253,0.7889320999999999,-0.4845714284639273,0.4845714284639273,-0.6639999998666878,0.6639999998666878,-1.2068571428136368,1.2068571428136368,0.35,0.5696861551380288,0.5302968661711243
adaptive_signal,0,0.06585365853658537,423.0,861.3333333333334,0.0227026,0.022,0.1822685,-0.010502662922082913,1.0,0.010502662922082913,-4.150389080036461,0.35130074179104476,0.741975,-0.4576883383218528,0.4576883383218528,-0.3746130029327655,0.3746130029327655,0.21413828703456858,-0.21413828703456858,0.5,0.6050173191980687,0.5176108084612235
adaptive_signal,10,0.06466876971608833,406.0,1248.7073170731708,0.032702600000000005,0.09961890000000001,0.0884318,-0.007825370622257538,1.0,0.007825370622257538,-4.161618534649182,0.36746933383084573,0.7805508999999999,-0.4427141266921846,0.4427141266921846,-0.381535038727394,0.381535038727394,0.009454950105343987,-0.009454950105343987,0.5,0.6050173191980687,0.5176108084612235
adaptive_signal,50,0.040170940170940174,511.0,1159.9148936170213,0.04366810000000001,0.1333698,0.057,-0.002949760105349958,1.0,0.002949760105349958,-4.182068173603786,0.35284587412935325,0.7543948,-0.45676905566066783,0.45676905566066783,-0.535836177321169,0.535836177321169,-0.6336746301118044,0.6336746301118044,0.5,0.6050173191980687,0.5176108084612235
adaptive_signal,100,0.03786008230452675,811.0,1593.0434782608695,0.0436404,0.13247109999999998,0.0272276,0.0005171541065841654,1.0,-0.0005171541065841654,-4.196610385391366,0.35638746716417913,0.7639321,-0.5564042301634442,0.5564042301634442,-0.8066980021763741,0.8066980021763741,-1.6175088130685797,1.6175088130685797,0.5,0.6050173191980687,0.5176108084612235
adaptive_signal,0,0.06199460916442048,335.0,581.2173913043479,0.0180237,0.016999999999999994,0.16526850000000004,-0.009875692905481525,1.0,0.009875692905481525,-4.153018812036451,0.3602175412935323,0.7552500000000001,-0.48006134950053536,0.48006134950053536,-0.4391615540328424,0.4391615540328424,0.0010224950372704242,-0.0010224950372704242,0.65,0.6524194394877716,0.48970469060508304
adaptive_signal,10,0.056105610561056105,302.5,976.8529411764706,0.025660699999999998,0.1046189,0.0764318,-0.007135967689687042,1.0,0.007135967689687042,-4.164510421598496,0.37622529999999999,0.7951258999999999,-0.4810690421598496,0.4810690421598496,-0.4170378617317346,0.4170378617317346,-0.08853006665128177,0.08853006665128177,0.65,0.6524194394877716,0.48970469060508304
adaptive_signal,50,0.03466204506065858,416.0,1348.1700676716631,0.0366262,0.1383698,0.047,-0.00246344006716631,1.0,0.00246344006716631,-4.184108223615615,0.3571851213930348,0.7625448,-0.4828767122136807,0.4828767122136807,-0.5582191779309582,0.5582191779309582,-0.735730593427035,0.735730593427035,0.65,0.6524194394877716,0.48970469060508304
adaptive_signal,100,0.02929532858273951,627.0,1606.4054054054054,0.035868,0.1264711,0.022000000000000002,0.00143007197671277,1.0,-0.00143007197671277,-4.2004400719767126,0.35847885522388057,0.7653821,-0.6015258214356949,0.6015258214356949,-0.8562206570735418,0.8562206570735418,-1.8427230045646883,1.8427230045646883,0.65,0.6524194394877716,0.48970469060508304
adaptive_signal,0,0.06688963210702341,183.5,618.8,0.013023700000000001,0.007999999999999998,0.1292685,-0.00779141659687867,1.0,0.00779141659687867,-4.161761672080818,0.37338960597014925,0.7802250000000001,-0.5040404038323894,0.5040404038323894,-0.5212121210169786,0.5212121210169786,-0.32424242406962395,0.32424242406962395,0.8,0.684664637346489,0.45962870950454643
adaptive_signal,10,0.05675146771037182,278.0,1254.448275862069,0.020660699999999997,0.0696189,0.0714318,-0.00559226277330854,1.0,0.00559226277330854,-4.17098562453475,0.3878907184079602,0.8124259,-0.5353697747413103,0.5353697747413103,-0.5503751337746585,0.5503751337746585,-0.501607716889762,0.501607716889762,0.8,0.684664637346489,0.45962870950454643
adaptive_signal,50,0.03122043519394513,419.0,1362.6363636363637,0.029626199999999995,0.1203698,0.037000000000000005,-0.001693371930352224,1.0,0.001693371930352224,-4.187338636566004,0.3744057656716418,0.7902946000000001,-0.5194877504394053,0.5194877504394053,-0.6057906456871548,0.6057906456871548,-0.9070155900307487,0.9070155900307487,0.8,0.684664637346489,0.45962870950454643
adaptive_signal,100,0.025134649910233394,622.5,1432.4285714285713,0.025738399999999998,0.1094711,0.017,0.0014288437068365367,1.0,-0.0014288437068365367,-4.200435283331388,0.3738008348258707,0.7907070999999999,-0.6312138726682446,0.6312138726682446,-0.8982658957388936,0.8982658957388936,-1.9046242773462885,1.9046242773462885,0.8,0.684664637346489,0.45962870950454643
adaptive_signal,0,0.07094594594594594,145.0,589.3333333333334,0.013023700000000001,0.006999999999999999,0.12426850000000002,-0.007638522059055895,1.0,0.007638522059055895,-4.162403006671387,0.3737036179104477,0.7817613,-0.5055499493265919,0.5055499493265919,-0.5262361249290163,0.5262361249290163,-0.35418768902608794,0.35418768902608794,1.0,0.543151044400126,0.3333333333333333
adaptive_signal,10,0.05719921104536489,278.0,1254.44827586206898,0.020660699999999997,0.0686189,0.0694318,-0.005442064650103936,1.0,0.005442064650103936,-4.171615687534769,0.3892688278606965,0.8157258999999999,-0.5342612417914099,0.5342612417914099,-0.5471092075062991,0.5471092075062991,-0.5123126336868964,0.5123126336868964,1.0,0.543151044400126,0.3333333333333333
adaptive_signal,50,0.03225806451612903,441.5,1527.735294117647,0.0306262,0.1193698,0.036,-0.0016480701595161496,1.0,0.001648070159516149,-0.187528649603552,0.3746019985019985,0.7909948,-0.5194660732933104,0.5194660732933104,-0.6101223579767182,0.6101223579767182,-0.906562847438452,0.906562847438452,1.0,0.543151044400126,0.3333333333333333
adaptive_signal,100,0.025202520252025202,622.5,1432.4285714285713,0.025738399999999998,0.11247109999999999,0.016,0.0015456775669937528,1.0,-0.0015456775669937528,-4.20092533231379,0.3760831731343284,0.7944820999999999,-0.6336805553894885,0.6336805553894885,-0.8998842590379489,0.8998842590379489,-1.9189814813654704,1.9189814813654704,1.0,0.543151044400126,0.3333333333333333
