strategy,latency_ms,fill_probability,ttf_ms_median,ttf_ms_mean,maker_qty_fraction,deadline_qty_fraction,timeout_qty_fraction,implementation_shortfall_bps,fees_bps,net_pnl_bps,net_pnl_usd_per_parent,inventory_dev,inventory_max,markout1_ticks,adverse_selection1_ticks,markout5_ticks,adverse_selection5_ticks,markout20_ticks,adverse_selection20_ticks
market_take,0,,,,0.0,0.0,0.0,0.0007308847615757466,1.0,-0.0007308847615757466,-4.19750885725165,0.49999999999999994,1.0,-0.7390350877182771,0.7390350877182771,-0.8815789473469762,0.8815789473469762,-1.2478070175571352,1.2478070175571352
join_best,0,0.0485779008306066,502.0,813.8549222797927,0.1887927426316596,0.503868754184766,0.3073385031835745,-0.0029848605115918568,1.0,0.0029848605115918568,-4.181919737634546,0.2924573423594659,0.5918755541847659,-0.3553191489347666,0.3553191489347666,-0.6666666666930872,0.6666666666930872,-1.386524822677697,1.386524822677697
improve_one_tick,0,0.031545741324921134,0.0,0.0,0.0,0.007999999999999998,0.1202685,-0.007605453887008924,1.0,0.007605453887008924,-4.162541830671796,0.3737547004975124,0.7812250000000001,-0.5183168314527006,0.5183168314527006,-0.51584158395734,0.51584158395734,-0.2900990097259637,0.2900990097259637
adaptive_signal,0,0.05274725274725275,477.0,897.4583333333334,0.022509699999999997,0.016999999999999998,0.1954903,-0.008965839800431016,1.0,0.008965839800431016,-4.156835755076095,0.35502107412935324,0.7533993000000001,-0.46446961881112103,0.46446961881112103,-0.3280123583077459,0.3280123583077459,0.20030895991536934,-0.20030895991536934
market_take,10,,,,0.0,0.0,0.0,0.0006882417654224914,1.0,-0.0006882417654224914,-4.197329963669936,0.4918676616915423,0.9917749999999999,-0.7323008849294815,0.7323008849294815,-0.8207964601558716,0.8207964601558716,-1.2942477875990295,1.2942477875990295
join_best,10,0.04235409997537552,743.5,5850.127906976744,0.1698350721773121,0.49690613065326633,0.1855425157623864,-0.0025369694768619154,1.0,0.0025369694768619154,-4.163328275834314,0.3200203694190506,0.6738441000000001,-0.4447717231721309,0.4447717231721309,-0.7356406480432434,0.7356406480432434,-1.414580265095129,1.414580265095129
improve_one_tick,10,0.022429906542056073,20.0,37.333333333333336,0.002999999999999999,0.072,0.0700507,-0.005917925502553514,1.0,0.005917925502553514,-4.169619600593933,0.3910543726368159,0.81735,-0.5324267780444308,0.5324267780444308,-0.5355648533413727,0.5355648533413727,-0.43828451866277923,0.43828451866277923
adaptive_signal,10,0.07130730050933787,735.0,1488.5,0.0355962,0.06799999999999999,0.12649030000000003,-0.007328390236190299,1.0,0.007328390236190299,-4.163703688220529,0.36795909253731346,0.7828499999999999,-0.4214830970085803,0.4214830970085803,-0.3424209377994622,0.3424209377994622,0.08451472201388159,-0.08451472201388159
market_take,50,,,,0.0,0.0,0.0,0.0006764520452603977,1.0,-0.0006764520452603977,-4.197280520673148,0.4855194029850746,0.9852250000000001,-0.7800000000150047,0.7800000000150047,-0.9355555555149395,0.9355555555149395,-1.444444444340964,1.444444444340964
join_best,50,0.05326662742789876,994.0,14960.370165745857,0.17933589306113007,0.472684750059205,0.09240553327390069,0.0005531237867730784,1.0,-0.0005531237867730784,-4.171415989365886,0.34650941895075044,0.7395295573683405,-0.4538799415123997,0.4538799415123997,-0.9370424597015151,0.9370424597015151,-1.9948755490589691,1.9948755490589691
improve_one_tick,50,0.020924149956408022,421.5,1528.5416666666667,0.0197842,0.1142378,0.039,-0.0013178195793271076,1.0,0.0013178195793271076,-4.188914164767499,0.3767712597014925,0.7931808000000001,-0.5161987039951138,0.5161987039951138,-0.6031317492863002,0.6031317492863002,-0.9497840170741366,0.9497840170741366
adaptive_signal,50,0.051932367149758456,750.0,1286.8837209302326,0.0414382,0.077,0.10340379999999999,-0.004137602581084216,1.0,0.004137602581084216,-4.177086982731659,0.3687364432835821,0.7857749999999999,-0.44184782609986345,0.44184782609986345,-0.43967391300216346,0.43967391300216346,-0.44565217382193584,0.44565217382193584
market_take,100,,,,0.0,0.0,0.0,0.0004487985389051026,1.0,-0.0004487985389051026,-4.1963256448566435,0.4782283582089552,0.9775999999999999,-0.7123287671288693,0.7123287671288693,-0.8378995433354062,0.8378995433354062,-1.4726027397153958,1.4726027397153958
join_best,100,0.06079587324981577,1552.0,8353.272727272728,0.16389659496111522,0.361709287391826,0.043410750507099395,0.004057468070641642,0.995,-0.004057468070641642,-4.173062241756975,0.3651942765738635,0.7782792031835746,-0.5594451783067772,0.5594451783067772,-1.1169088506402787,1.1169088506402787,-2.9088507265738635,2.9088507265738635
improve_one_tick,100,0.018731988472622477,604.5,656.6153846153846,0.021889889889889887,0.1406117117117117,0.018018018018018014,0.0036919705912922566,1.0,-0.0036919705912922566,-4.205626776474743,0.38034281094527356,0.8039571000000001,-0.6020971300856135,0.6020971300856135,-0.9210816775115822,0.9210816775115822,-2.027593818887663,2.027593818887663
adaptive_signal,100,0.04463208685162847,1030.0,2129.027027027027,0.0370865,0.08100000000000002,0.0719135,-0.001230930060951464,1.0,0.001230930060951464,-4.189278543894751,0.3783753681592039,0.805725,-0.5137362636918085,0.5137362636918085,-0.6538461537418918,0.6538461537418918,-1.0752747252671135,1.0752747252671135
